path,filename,tr_raw,tr_key,id,primary_artist,title,artist_norm,label
..\data\mp3_dataset\fedez_fibra\ART07024718 - TR106318.mp3,ART07024718 - TR106318.mp3,TR106318,106318,TR106318,Fedez,Intro (Pat-a-Cake),fedez,0
..\data\mp3_dataset\fedez_fibra\ART07024718 - TR113702.mp3,ART07024718 - TR113702.mp3,TR113702,113702,TR113702,Fedez,Volevo fare il rapper,fedez,0
..\data\mp3_dataset\fedez_fibra\ART07024718 - TR116528.mp3,ART07024718 - TR116528.mp3,TR116528,116528,TR116528,Fedez,Tutto il contrario,fedez,0
..\data\mp3_dataset\fedez_fibra\ART07024718 - TR124631.mp3,ART07024718 - TR124631.mp3,TR124631,124631,TR124631,Fedez,VIOLA,fedez,0
..\data\mp3_dataset\fedez_fibra\ART07024718 - TR128449.mp3,ART07024718 - TR128449.mp3,TR128449,128449,TR128449,Fedez,Cardinal chic,fedez,0
..\data\mp3_dataset\fedez_fibra\ART07024718 - TR161567.mp3,ART07024718 - TR161567.mp3,TR161567,161567,TR161567,Fedez,Vivere domani,fedez,0
..\data\mp3_dataset\fedez_fibra\ART07024718 - TR165212.mp3,ART07024718 - TR165212.mp3,TR165212,165212,TR165212,Fedez,Jet set,fedez,0
..\data\mp3_dataset\fedez_fibra\ART07024718 - TR170280.mp3,ART07024718 - TR170280.mp3,TR170280,170280,TR170280,Fedez,Sanremo Freestyle,fedez,0
..\data\mp3_dataset\fedez_fibra\ART07024718 - TR170292.mp3,ART07024718 - TR170292.mp3,TR170292,170292,TR170292,Fedez,La scelta giusta,fedez,0
..\data\mp3_dataset\fedez_fibra\ART07024718 - TR195519.mp3,ART07024718 - TR195519.mp3,TR195519,195519,TR195519,Fedez,L’INFANZIA DIFFICILE DI UN BENESTANTE,fedez,0
..\data\mp3_dataset\fedez_fibra\ART07024718 - TR196675.mp3,ART07024718 - TR196675.mp3,TR196675,196675,TR196675,Fedez,VITTORIA,fedez,0
..\data\mp3_dataset\fedez_fibra\ART07024718 - TR203683.mp3,ART07024718 - TR203683.mp3,TR203683,203683,TR203683,Fedez,MILLE,fedez,0
..\data\mp3_dataset\fedez_fibra\ART07024718 - TR213252.mp3,ART07024718 - TR213252.mp3,TR213252,213252,TR213252,Fedez,Anthem Pt.1,fedez,0
..\data\mp3_dataset\fedez_fibra\ART07024718 - TR219551.mp3,ART07024718 - TR219551.mp3,TR219551,219551,TR219551,Fedez,Generazione Boh,fedez,0
..\data\mp3_dataset\fedez_fibra\ART07024718 - TR226814.mp3,ART07024718 - TR226814.mp3,TR226814,226814,TR226814,Fedez,Milano bene,fedez,0
..\data\mp3_dataset\fedez_fibra\ART07024718 - TR229193.mp3,ART07024718 - TR229193.mp3,TR229193,229193,TR229193,Fedez,L’amore eternit,fedez,0
..\data\mp3_dataset\fedez_fibra\ART07024718 - TR229227.mp3,ART07024718 - TR229227.mp3,TR229227,229227,TR229227,Fedez,Pensavo fosse amore e invece...,fedez,0
..\data\mp3_dataset\fedez_fibra\ART07024718 - TR231277.mp3,ART07024718 - TR231277.mp3,TR231277,231277,TR231277,Fedez,Il cemento non è un fiore,fedez,0
..\data\mp3_dataset\fedez_fibra\ART07024718 - TR237531.mp3,ART07024718 - TR237531.mp3,TR237531,237531,TR237531,Fedez,Bella addormentata nel Bronx,fedez,0
..\data\mp3_dataset\fedez_fibra\ART07024718 - TR246352.mp3,ART07024718 - TR246352.mp3,TR246352,246352,TR246352,Fedez,Pop-hoolismo (Intro),fedez,0
..\data\mp3_dataset\fedez_fibra\ART07024718 - TR246839.mp3,ART07024718 - TR246839.mp3,TR246839,246839,TR246839,Fedez,Ragazza sbagliata,fedez,0
..\data\mp3_dataset\fedez_fibra\ART07024718 - TR253127.mp3,ART07024718 - TR253127.mp3,TR253127,253127,TR253127,Fedez,Pop-hoolista,fedez,0
..\data\mp3_dataset\fedez_fibra\ART07024718 - TR253898.mp3,ART07024718 - TR253898.mp3,TR253898,253898,TR253898,Fedez,PROBLEMI CON TUTTI (GIUDA),fedez,0
..\data\mp3_dataset\fedez_fibra\ART07024718 - TR265400.mp3,ART07024718 - TR265400.mp3,TR265400,265400,TR265400,Fedez,Blues,fedez,0
..\data\mp3_dataset\fedez_fibra\ART07024718 - TR273806.mp3,ART07024718 - TR273806.mp3,TR273806,273806,TR273806,Fedez,Tu Come Li Chiami,fedez,0
..\data\mp3_dataset\fedez_fibra\ART07024718 - TR292480.mp3,ART07024718 - TR292480.mp3,TR292480,292480,TR292480,Fedez,Nel mio piccolo,fedez,0
..\data\mp3_dataset\fedez_fibra\ART07024718 - TR297175.mp3,ART07024718 - TR297175.mp3,TR297175,297175,TR297175,Fedez,Sembra semplice,fedez,0
..\data\mp3_dataset\fedez_fibra\ART07024718 - TR300734.mp3,ART07024718 - TR300734.mp3,TR300734,300734,TR300734,Fedez,My Life,fedez,0
..\data\mp3_dataset\fedez_fibra\ART07024718 - TR303682.mp3,ART07024718 - TR303682.mp3,TR303682,303682,TR303682,Fedez,LE MADRI DEGLI ALTRI,fedez,0
..\data\mp3_dataset\fedez_fibra\ART07024718 - TR307565.mp3,ART07024718 - TR307565.mp3,TR307565,307565,TR307565,Fedez,Contenuti,fedez,0
..\data\mp3_dataset\fedez_fibra\ART07024718 - TR310455.mp3,ART07024718 - TR310455.mp3,TR310455,310455,TR310455,Fedez,Andare Via,fedez,0
..\data\mp3_dataset\fedez_fibra\ART07024718 - TR313565.mp3,ART07024718 - TR313565.mp3,TR313565,313565,TR313565,Fedez,Alfonso Signorini (Eroe Nazionale),fedez,0
..\data\mp3_dataset\fedez_fibra\ART07024718 - TR314648.mp3,ART07024718 - TR314648.mp3,TR314648,314648,TR314648,Fedez,Vota Sì per dire No,fedez,0
..\data\mp3_dataset\fedez_fibra\ART07024718 - TR320348.mp3,ART07024718 - TR320348.mp3,TR320348,320348,TR320348,Fedez,Vivere in campagna pubblicitaria,fedez,0
..\data\mp3_dataset\fedez_fibra\ART07024718 - TR320814.mp3,ART07024718 - TR320814.mp3,TR320814,320814,TR320814,Fedez,Intro,fedez,0
..\data\mp3_dataset\fedez_fibra\ART07024718 - TR328499.mp3,ART07024718 - TR328499.mp3,TR328499,328499,TR328499,Fedez,BELLA STORIA,fedez,0
..\data\mp3_dataset\fedez_fibra\ART07024718 - TR329086.mp3,ART07024718 - TR329086.mp3,TR329086,329086,TR329086,Fedez,Boom,fedez,0
..\data\mp3_dataset\fedez_fibra\ART07024718 - TR333448.mp3,ART07024718 - TR333448.mp3,TR333448,333448,TR333448,Fedez,Fuckthenoia,fedez,0
..\data\mp3_dataset\fedez_fibra\ART07024718 - TR343758.mp3,ART07024718 - TR343758.mp3,TR343758,343758,TR343758,Fedez,Sognatori,fedez,0
..\data\mp3_dataset\fedez_fibra\ART07024718 - TR345712.mp3,ART07024718 - TR345712.mp3,TR345712,345712,TR345712,Fedez,Non sono partito,fedez,0
..\data\mp3_dataset\fedez_fibra\ART07024718 - TR348625.mp3,ART07024718 - TR348625.mp3,TR348625,348625,TR348625,Fedez,Blasfemia Pt.1,fedez,0
..\data\mp3_dataset\fedez_fibra\ART07024718 - TR353282.mp3,ART07024718 - TR353282.mp3,TR353282,353282,TR353282,Fedez,MORIRE MORIRE,fedez,0
..\data\mp3_dataset\fedez_fibra\ART07024718 - TR356306.mp3,ART07024718 - TR356306.mp3,TR356306,356306,TR356306,Fedez,LA DOLCE VITA,fedez,0
..\data\mp3_dataset\fedez_fibra\ART07024718 - TR357474.mp3,ART07024718 - TR357474.mp3,TR357474,357474,TR357474,Fedez,Quello che ho,fedez,0
..\data\mp3_dataset\fedez_fibra\ART07024718 - TR367642.mp3,ART07024718 - TR367642.mp3,TR367642,367642,TR367642,Fedez,Questa vita,fedez,0
..\data\mp3_dataset\fedez_fibra\ART07024718 - TR376028.mp3,ART07024718 - TR376028.mp3,TR376028,376028,TR376028,Fedez,SEXY SHOP,fedez,0
..\data\mp3_dataset\fedez_fibra\ART07024718 - TR377739.mp3,ART07024718 - TR377739.mp3,TR377739,377739,TR377739,Fedez,M.I.A.,fedez,0
..\data\mp3_dataset\fedez_fibra\ART07024718 - TR393241.mp3,ART07024718 - TR393241.mp3,TR393241,393241,TR393241,Fedez,21 Grammi,fedez,0
..\data\mp3_dataset\fedez_fibra\ART07024718 - TR403785.mp3,ART07024718 - TR403785.mp3,TR403785,403785,TR403785,Fedez,TONY LUCRARELLI,fedez,0
..\data\mp3_dataset\fedez_fibra\ART07024718 - TR405648.mp3,ART07024718 - TR405648.mp3,TR405648,405648,TR405648,Fedez,E intanto,fedez,0
..\data\mp3_dataset\fedez_fibra\ART07024718 - TR411730.mp3,ART07024718 - TR411730.mp3,TR411730,411730,TR411730,Fedez,Ipocondria,fedez,0
..\data\mp3_dataset\fedez_fibra\ART07024718 - TR413349.mp3,ART07024718 - TR413349.mp3,TR413349,413349,TR413349,Fedez,Liberi in cattività,fedez,0
..\data\mp3_dataset\fedez_fibra\ART07024718 - TR414330.mp3,ART07024718 - TR414330.mp3,TR414330,414330,TR414330,Fedez,BANCOMAT,fedez,0
..\data\mp3_dataset\fedez_fibra\ART07024718 - TR417353.mp3,ART07024718 - TR417353.mp3,TR417353,417353,TR417353,Fedez,Vite Diverse,fedez,0
..\data\mp3_dataset\fedez_fibra\ART07024718 - TR419042.mp3,ART07024718 - TR419042.mp3,TR419042,419042,TR419042,Fedez,Ultima Cena,fedez,0
..\data\mp3_dataset\fedez_fibra\ART07024718 - TR424160.mp3,ART07024718 - TR424160.mp3,TR424160,424160,TR424160,Fedez,Santa Madonna,fedez,0
..\data\mp3_dataset\fedez_fibra\ART07024718 - TR428837.mp3,ART07024718 - TR428837.mp3,TR428837,428837,TR428837,Fedez,Mollami,fedez,0
..\data\mp3_dataset\fedez_fibra\ART07024718 - TR430939.mp3,ART07024718 - TR430939.mp3,TR430939,430939,TR430939,Fedez,Come no,fedez,0
..\data\mp3_dataset\fedez_fibra\ART07024718 - TR444078.mp3,ART07024718 - TR444078.mp3,TR444078,444078,TR444078,Fedez,I’m So High,fedez,0
..\data\mp3_dataset\fedez_fibra\ART07024718 - TR448877.mp3,ART07024718 - TR448877.mp3,TR448877,448877,TR448877,Fedez,Prima di ogni cosa,fedez,0
..\data\mp3_dataset\fedez_fibra\ART07024718 - TR453640.mp3,ART07024718 - TR453640.mp3,TR453640,453640,TR453640,Fedez,SAPORE,fedez,0
..\data\mp3_dataset\fedez_fibra\ART07024718 - TR459295.mp3,ART07024718 - TR459295.mp3,TR459295,459295,TR459295,Fedez,Caro Amico,fedez,0
..\data\mp3_dataset\fedez_fibra\ART07024718 - TR459679.mp3,ART07024718 - TR459679.mp3,TR459679,459679,TR459679,Fedez,NOTTE BRAVA,fedez,0
..\data\mp3_dataset\fedez_fibra\ART07024718 - TR472274.mp3,ART07024718 - TR472274.mp3,TR472274,472274,TR472274,Fedez,No Game Freestyle,fedez,0
..\data\mp3_dataset\fedez_fibra\ART07024718 - TR476850.mp3,ART07024718 - TR476850.mp3,TR476850,476850,TR476850,Fedez,Milano Bene (2008),fedez,0
..\data\mp3_dataset\fedez_fibra\ART07024718 - TR478130.mp3,ART07024718 - TR478130.mp3,TR478130,478130,TR478130,Fedez,FEDE E SPERANZA,fedez,0
..\data\mp3_dataset\fedez_fibra\ART07024718 - TR480259.mp3,ART07024718 - TR480259.mp3,TR480259,480259,TR480259,Fedez,ROSALÍA,fedez,0
..\data\mp3_dataset\fedez_fibra\ART07024718 - TR485842.mp3,ART07024718 - TR485842.mp3,TR485842,485842,TR485842,Fedez,Lo zainetto,fedez,0
..\data\mp3_dataset\fedez_fibra\ART07024718 - TR490859.mp3,ART07024718 - TR490859.mp3,TR490859,490859,TR490859,Fedez,Voglio averti account,fedez,0
..\data\mp3_dataset\fedez_fibra\ART07024718 - TR496653.mp3,ART07024718 - TR496653.mp3,TR496653,496653,TR496653,Fedez,Magnifico,fedez,0
..\data\mp3_dataset\fedez_fibra\ART07024718 - TR498962.mp3,ART07024718 - TR498962.mp3,TR498962,498962,TR498962,Fedez,Single a vita,fedez,0
..\data\mp3_dataset\fedez_fibra\ART07024718 - TR505289.mp3,ART07024718 - TR505289.mp3,TR505289,505289,TR505289,Fedez,Blasfemia Pt.2,fedez,0
..\data\mp3_dataset\fedez_fibra\ART07024718 - TR511007.mp3,ART07024718 - TR511007.mp3,TR511007,511007,TR511007,Fedez,Olivia Oil,fedez,0
..\data\mp3_dataset\fedez_fibra\ART07024718 - TR511876.mp3,ART07024718 - TR511876.mp3,TR511876,511876,TR511876,Fedez,Dai cazzo Federico,fedez,0
..\data\mp3_dataset\fedez_fibra\ART07024718 - TR525256.mp3,ART07024718 - TR525256.mp3,TR525256,525256,TR525256,Fedez,Restiamo umani,fedez,0
..\data\mp3_dataset\fedez_fibra\ART07024718 - TR531180.mp3,ART07024718 - TR531180.mp3,TR531180,531180,TR531180,Fedez,Bella vita,fedez,0
..\data\mp3_dataset\fedez_fibra\ART07024718 - TR540185.mp3,ART07024718 - TR540185.mp3,TR540185,540185,TR540185,Fedez,Cigno nero,fedez,0
..\data\mp3_dataset\fedez_fibra\ART07024718 - TR546164.mp3,ART07024718 - TR546164.mp3,TR546164,546164,TR546164,Fedez,STUPIDO STUPIDO,fedez,0
..\data\mp3_dataset\fedez_fibra\ART07024718 - TR550520.mp3,ART07024718 - TR550520.mp3,TR550520,550520,TR550520,Fedez,Ti Dico Bene,fedez,0
..\data\mp3_dataset\fedez_fibra\ART07024718 - TR552809.mp3,ART07024718 - TR552809.mp3,TR552809,552809,TR552809,Fedez,Psichedelico,fedez,0
..\data\mp3_dataset\fedez_fibra\ART07024718 - TR564478.mp3,ART07024718 - TR564478.mp3,TR564478,564478,TR564478,Fedez,Non Mi Piacciono,fedez,0
..\data\mp3_dataset\fedez_fibra\ART07024718 - TR569937.mp3,ART07024718 - TR569937.mp3,TR569937,569937,TR569937,Fedez,Anthem Pt.2,fedez,0
..\data\mp3_dataset\fedez_fibra\ART07024718 - TR572044.mp3,ART07024718 - TR572044.mp3,TR572044,572044,TR572044,Fedez,LEGGERI LEGGERI,fedez,0
..\data\mp3_dataset\fedez_fibra\ART07024718 - TR576460.mp3,ART07024718 - TR576460.mp3,TR576460,576460,TR576460,Fedez,DISCO PARADISE,fedez,0
..\data\mp3_dataset\fedez_fibra\ART07024718 - TR580721.mp3,ART07024718 - TR580721.mp3,TR580721,580721,TR580721,Fedez,Tutto il Contrario RMX,fedez,0
..\data\mp3_dataset\fedez_fibra\ART07024718 - TR583833.mp3,ART07024718 - TR583833.mp3,TR583833,583833,TR583833,Fedez,La Sua Storia,fedez,0
..\data\mp3_dataset\fedez_fibra\ART07024718 - TR591345.mp3,ART07024718 - TR591345.mp3,TR591345,591345,TR591345,Fedez,UN GIORNO IN PRETURA,fedez,0
..\data\mp3_dataset\fedez_fibra\ART07024718 - TR595842.mp3,ART07024718 - TR595842.mp3,TR595842,595842,TR595842,Fedez,God war,fedez,0
..\data\mp3_dataset\fedez_fibra\ART07024718 - TR601309.mp3,ART07024718 - TR601309.mp3,TR601309,601309,TR601309,Fedez,Love cost,fedez,0
..\data\mp3_dataset\fedez_fibra\ART07024718 - TR601703.mp3,ART07024718 - TR601703.mp3,TR601703,601703,TR601703,Fedez,Cigno Nero RMX,fedez,0
..\data\mp3_dataset\fedez_fibra\ART07024718 - TR606252.mp3,ART07024718 - TR606252.mp3,TR606252,606252,TR606252,Fedez,Avvoltoi,fedez,0
..\data\mp3_dataset\fedez_fibra\ART07024718 - TR608745.mp3,ART07024718 - TR608745.mp3,TR608745,608745,TR608745,Fedez,L’una per l’alcol,fedez,0
..\data\mp3_dataset\fedez_fibra\ART07024718 - TR609228.mp3,ART07024718 - TR609228.mp3,TR609228,609228,TR609228,Fedez,Presa bene (ogni tanto),fedez,0
..\data\mp3_dataset\fedez_fibra\ART07024718 - TR611877.mp3,ART07024718 - TR611877.mp3,TR611877,611877,TR611877,Fedez,Che cazzo ridi,fedez,0
..\data\mp3_dataset\fedez_fibra\ART07024718 - TR614818.mp3,ART07024718 - TR614818.mp3,TR614818,614818,TR614818,Fedez,Non basta mai,fedez,0
..\data\mp3_dataset\fedez_fibra\ART07024718 - TR622333.mp3,ART07024718 - TR622333.mp3,TR622333,622333,TR622333,Fedez,Penisola che non c’è,fedez,0
..\data\mp3_dataset\fedez_fibra\ART07024718 - TR625764.mp3,ART07024718 - TR625764.mp3,TR625764,625764,TR625764,Fedez,Ti vorrei dire,fedez,0
..\data\mp3_dataset\fedez_fibra\ART07024718 - TR627217.mp3,ART07024718 - TR627217.mp3,TR627217,627217,TR627217,Fedez,FUORI DAI GUAI,fedez,0
..\data\mp3_dataset\fedez_fibra\ART07024718 - TR636326.mp3,ART07024718 - TR636326.mp3,TR636326,636326,TR636326,Fedez,Listino prezzi,fedez,0
..\data\mp3_dataset\fedez_fibra\ART07024718 - TR643848.mp3,ART07024718 - TR643848.mp3,TR643848,643848,TR643848,Fedez,Unica al mondo,fedez,0
..\data\mp3_dataset\fedez_fibra\ART07024718 - TR645853.mp3,ART07024718 - TR645853.mp3,TR645853,645853,TR645853,Fedez,Non c’è due senza trash,fedez,0
..\data\mp3_dataset\fedez_fibra\ART07024718 - TR650447.mp3,ART07024718 - TR650447.mp3,TR650447,650447,TR650447,Fedez,Kim & Kanye,fedez,0
..\data\mp3_dataset\fedez_fibra\ART07024718 - TR660156.mp3,ART07024718 - TR660156.mp3,TR660156,660156,TR660156,Fedez,Ninna nanna,fedez,0
..\data\mp3_dataset\fedez_fibra\ART07024718 - TR669412.mp3,ART07024718 - TR669412.mp3,TR669412,669412,TR669412,Fedez,Intro (BCPT),fedez,0
..\data\mp3_dataset\fedez_fibra\ART07024718 - TR674523.mp3,ART07024718 - TR674523.mp3,TR674523,674523,TR674523,Fedez,Nuvole di fango,fedez,0
..\data\mp3_dataset\fedez_fibra\ART07024718 - TR674551.mp3,ART07024718 - TR674551.mp3,TR674551,674551,TR674551,Fedez,Into My Head,fedez,0
..\data\mp3_dataset\fedez_fibra\ART07024718 - TR675727.mp3,ART07024718 - TR675727.mp3,TR675727,675727,TR675727,Fedez,BIMBI PER STRADA (CHILDREN),fedez,0
..\data\mp3_dataset\fedez_fibra\ART07024718 - TR676684.mp3,ART07024718 - TR676684.mp3,TR676684,676684,TR676684,Fedez,Old Girl,fedez,0
..\data\mp3_dataset\fedez_fibra\ART07024718 - TR680926.mp3,ART07024718 - TR680926.mp3,TR680926,680926,TR680926,Fedez,SUSHI,fedez,0
..\data\mp3_dataset\fedez_fibra\ART07024718 - TR684216.mp3,ART07024718 - TR684216.mp3,TR684216,684216,TR684216,Fedez,TVTB,fedez,0
..\data\mp3_dataset\fedez_fibra\ART07024718 - TR686134.mp3,ART07024718 - TR686134.mp3,TR686134,686134,TR686134,Fedez,Cambia,fedez,0
..\data\mp3_dataset\fedez_fibra\ART07024718 - TR691943.mp3,ART07024718 - TR691943.mp3,TR691943,691943,TR691943,Fedez,MEGLIO DEL CINEMA,fedez,0
..\data\mp3_dataset\fedez_fibra\ART07024718 - TR693094.mp3,ART07024718 - TR693094.mp3,TR693094,693094,TR693094,Fedez,Pensavo fosse amore e invece... (Roofio RMX),fedez,0
..\data\mp3_dataset\fedez_fibra\ART07024718 - TR700059.mp3,ART07024718 - TR700059.mp3,TR700059,700059,TR700059,Fedez,Non ci pensi mai,fedez,0
..\data\mp3_dataset\fedez_fibra\ART07024718 - TR701532.mp3,ART07024718 - TR701532.mp3,TR701532,701532,TR701532,Fedez,Sfregi e difetti,fedez,0
..\data\mp3_dataset\fedez_fibra\ART07024718 - TR708095.mp3,ART07024718 - TR708095.mp3,TR708095,708095,TR708095,Fedez,ALLUCINAZIONE COLLETTIVA,fedez,0
..\data\mp3_dataset\fedez_fibra\ART07024718 - TR708528.mp3,ART07024718 - TR708528.mp3,TR708528,708528,TR708528,Fedez,Appeso a testa in giù,fedez,0
..\data\mp3_dataset\fedez_fibra\ART07024718 - TR721039.mp3,ART07024718 - TR721039.mp3,TR721039,721039,TR721039,Fedez,Così,fedez,0
..\data\mp3_dataset\fedez_fibra\ART07024718 - TR722654.mp3,ART07024718 - TR722654.mp3,TR722654,722654,TR722654,Fedez,Le palle di Natale,fedez,0
..\data\mp3_dataset\fedez_fibra\ART07024718 - TR731111.mp3,ART07024718 - TR731111.mp3,TR731111,731111,TR731111,Fedez,Faccio brutto,fedez,0
..\data\mp3_dataset\fedez_fibra\ART07024718 - TR731379.mp3,ART07024718 - TR731379.mp3,TR731379,731379,TR731379,Fedez,Record,fedez,0
..\data\mp3_dataset\fedez_fibra\ART07024718 - TR731668.mp3,ART07024718 - TR731668.mp3,TR731668,731668,TR731668,Fedez,Amnesia,fedez,0
..\data\mp3_dataset\fedez_fibra\ART07024718 - TR739865.mp3,ART07024718 - TR739865.mp3,TR739865,739865,TR739865,Fedez,Paranoia Airlines,fedez,0
..\data\mp3_dataset\fedez_fibra\ART07024718 - TR745549.mp3,ART07024718 - TR745549.mp3,TR745549,745549,TR745549,Fedez,Giorni,fedez,0
..\data\mp3_dataset\fedez_fibra\ART07024718 - TR750485.mp3,ART07024718 - TR750485.mp3,TR750485,750485,TR750485,Fedez,Parli di rap?,fedez,0
..\data\mp3_dataset\fedez_fibra\ART07024718 - TR759934.mp3,ART07024718 - TR759934.mp3,TR759934,759934,TR759934,Fedez,BELLA STRONZA,fedez,0
..\data\mp3_dataset\fedez_fibra\ART07024718 - TR761059.mp3,ART07024718 - TR761059.mp3,TR761059,761059,TR761059,Fedez,Stereo-tipi,fedez,0
..\data\mp3_dataset\fedez_fibra\ART07024718 - TR764435.mp3,ART07024718 - TR764435.mp3,TR764435,764435,TR764435,Fedez,Reality show,fedez,0
..\data\mp3_dataset\fedez_fibra\ART07024718 - TR765689.mp3,ART07024718 - TR765689.mp3,TR765689,765689,TR765689,Fedez,Storie Di Vite,fedez,0
..\data\mp3_dataset\fedez_fibra\ART07024718 - TR770885.mp3,ART07024718 - TR770885.mp3,TR770885,770885,TR770885,Fedez,3 di notte,fedez,0
..\data\mp3_dataset\fedez_fibra\ART07024718 - TR779112.mp3,ART07024718 - TR779112.mp3,TR779112,779112,TR779112,Fedez,Io Odio I Club,fedez,0
..\data\mp3_dataset\fedez_fibra\ART07024718 - TR781890.mp3,ART07024718 - TR781890.mp3,TR781890,781890,TR781890,Fedez,B-Rex Status Domini,fedez,0
..\data\mp3_dataset\fedez_fibra\ART07024718 - TR788528.mp3,ART07024718 - TR788528.mp3,TR788528,788528,TR788528,Fedez,Segni,fedez,0
..\data\mp3_dataset\fedez_fibra\ART07024718 - TR791255.mp3,ART07024718 - TR791255.mp3,TR791255,791255,TR791255,Fedez,Veleno per topic,fedez,0
..\data\mp3_dataset\fedez_fibra\ART07024718 - TR802307.mp3,ART07024718 - TR802307.mp3,TR802307,802307,TR802307,Fedez,Moet Sciandon,fedez,0
..\data\mp3_dataset\fedez_fibra\ART07024718 - TR808663.mp3,ART07024718 - TR808663.mp3,TR808663,808663,TR808663,Fedez,Back In Days,fedez,0
..\data\mp3_dataset\fedez_fibra\ART07024718 - TR809759.mp3,ART07024718 - TR809759.mp3,TR809759,809759,TR809759,Fedez,Ghettopianerottolo RMX,fedez,0
..\data\mp3_dataset\fedez_fibra\ART07024718 - TR816395.mp3,ART07024718 - TR816395.mp3,TR816395,816395,TR816395,Fedez,Viva l’IVA,fedez,0
..\data\mp3_dataset\fedez_fibra\ART07024718 - TR824115.mp3,ART07024718 - TR824115.mp3,TR824115,824115,TR824115,Fedez,Una cosa sola,fedez,0
..\data\mp3_dataset\fedez_fibra\ART07024718 - TR828726.mp3,ART07024718 - TR828726.mp3,TR828726,828726,TR828726,Fedez,Babbo Natale mi ha detto che i tuoi genitori non esistono,fedez,0
..\data\mp3_dataset\fedez_fibra\ART07024718 - TR830393.mp3,ART07024718 - TR830393.mp3,TR830393,830393,TR830393,Fedez,SCELTE STUPIDE,fedez,0
..\data\mp3_dataset\fedez_fibra\ART07024718 - TR832166.mp3,ART07024718 - TR832166.mp3,TR832166,832166,TR832166,Fedez,MEGLIO DEL CINEMA (clean),fedez,0
..\data\mp3_dataset\fedez_fibra\ART07024718 - TR840338.mp3,ART07024718 - TR840338.mp3,TR840338,840338,TR840338,Fedez,Un posto bellissimo,fedez,0
..\data\mp3_dataset\fedez_fibra\ART07024718 - TR840488.mp3,ART07024718 - TR840488.mp3,TR840488,840488,TR840488,Fedez,L’hai voluto tu,fedez,0
..\data\mp3_dataset\fedez_fibra\ART07024718 - TR842840.mp3,ART07024718 - TR842840.mp3,TR842840,842840,TR842840,Fedez,Non Ci Sto Più Dentro,fedez,0
..\data\mp3_dataset\fedez_fibra\ART07024718 - TR843290.mp3,ART07024718 - TR843290.mp3,TR843290,843290,TR843290,Fedez,Signorsì,fedez,0
..\data\mp3_dataset\fedez_fibra\ART07024718 - TR845296.mp3,ART07024718 - TR845296.mp3,TR845296,845296,TR845296,Fedez,Buongiornissimo,fedez,0
..\data\mp3_dataset\fedez_fibra\ART07024718 - TR845385.mp3,ART07024718 - TR845385.mp3,TR845385,845385,TR845385,Fedez,CRISI DI STATO,fedez,0
..\data\mp3_dataset\fedez_fibra\ART07024718 - TR846247.mp3,ART07024718 - TR846247.mp3,TR846247,846247,TR846247,Fedez,Soffritto,fedez,0
..\data\mp3_dataset\fedez_fibra\ART07024718 - TR850160.mp3,ART07024718 - TR850160.mp3,TR850160,850160,TR850160,Fedez,Holding Out for You,fedez,0
..\data\mp3_dataset\fedez_fibra\ART07024718 - TR854907.mp3,ART07024718 - TR854907.mp3,TR854907,854907,TR854907,Fedez,BATTITO,fedez,0
..\data\mp3_dataset\fedez_fibra\ART07024718 - TR856882.mp3,ART07024718 - TR856882.mp3,TR856882,856882,TR856882,Fedez,Outro,fedez,0
..\data\mp3_dataset\fedez_fibra\ART07024718 - TR860002.mp3,ART07024718 - TR860002.mp3,TR860002,860002,TR860002,Fedez,VECCHIO,fedez,0
..\data\mp3_dataset\fedez_fibra\ART07024718 - TR869701.mp3,ART07024718 - TR869701.mp3,TR869701,869701,TR869701,Fedez,GUARDA COSA MI FAI FARE,fedez,0
..\data\mp3_dataset\fedez_fibra\ART07024718 - TR885055.mp3,ART07024718 - TR885055.mp3,TR885055,885055,TR885055,Fedez,Si Muovono Le...,fedez,0
..\data\mp3_dataset\fedez_fibra\ART07024718 - TR897360.mp3,ART07024718 - TR897360.mp3,TR897360,897360,TR897360,Fedez,Polaroid,fedez,0
..\data\mp3_dataset\fedez_fibra\ART07024718 - TR901226.mp3,ART07024718 - TR901226.mp3,TR901226,901226,TR901226,Fedez,DI CAPRIO,fedez,0
..\data\mp3_dataset\fedez_fibra\ART07024718 - TR912864.mp3,ART07024718 - TR912864.mp3,TR912864,912864,TR912864,Fedez,Chiediti il perchè,fedez,0
..\data\mp3_dataset\fedez_fibra\ART07024718 - TR919804.mp3,ART07024718 - TR919804.mp3,TR919804,919804,TR919804,Fedez,MI STO SUL CAZZO,fedez,0
..\data\mp3_dataset\fedez_fibra\ART07024718 - TR924511.mp3,ART07024718 - TR924511.mp3,TR924511,924511,TR924511,Fedez,Alza la testa,fedez,0
..\data\mp3_dataset\fedez_fibra\ART07024718 - TR925275.mp3,ART07024718 - TR925275.mp3,TR925275,925275,TR925275,Fedez,Bimbo Speciale,fedez,0
..\data\mp3_dataset\fedez_fibra\ART07024718 - TR930775.mp3,ART07024718 - TR930775.mp3,TR930775,930775,TR930775,Fedez,Si scrive schiavitù si legge libertà,fedez,0
..\data\mp3_dataset\fedez_fibra\ART07024718 - TR935995.mp3,ART07024718 - TR935995.mp3,TR935995,935995,TR935995,Fedez,Faccio Brutto (2nd Roof RMX),fedez,0
..\data\mp3_dataset\fedez_fibra\ART07024718 - TR939101.mp3,ART07024718 - TR939101.mp3,TR939101,939101,TR939101,Fedez,The Ferragnez: La serie - Sigla ufficiale,fedez,0
..\data\mp3_dataset\fedez_fibra\ART07024718 - TR943904.mp3,ART07024718 - TR943904.mp3,TR943904,943904,TR943904,Fedez,Cosa senza spine,fedez,0
..\data\mp3_dataset\fedez_fibra\ART07024718 - TR943991.mp3,ART07024718 - TR943991.mp3,TR943991,943991,TR943991,Fedez,Real Randagi,fedez,0
..\data\mp3_dataset\fedez_fibra\ART07024718 - TR944243.mp3,ART07024718 - TR944243.mp3,TR944243,944243,TR944243,Fedez,Non scorderò,fedez,0
..\data\mp3_dataset\fedez_fibra\ART07024718 - TR946148.mp3,ART07024718 - TR946148.mp3,TR946148,946148,TR946148,Fedez,Beautiful Disaster,fedez,0
..\data\mp3_dataset\fedez_fibra\ART07024718 - TR952064.mp3,ART07024718 - TR952064.mp3,TR952064,952064,TR952064,Fedez,Sirene,fedez,0
..\data\mp3_dataset\fedez_fibra\ART07024718 - TR953399.mp3,ART07024718 - TR953399.mp3,TR953399,953399,TR953399,Fedez,La Mia Generazione,fedez,0
..\data\mp3_dataset\fedez_fibra\ART07024718 - TR955411.mp3,ART07024718 - TR955411.mp3,TR955411,955411,TR955411,Fedez,Penisola che non c’è RMX,fedez,0
..\data\mp3_dataset\fedez_fibra\ART07024718 - TR965133.mp3,ART07024718 - TR965133.mp3,TR965133,965133,TR965133,Fedez,NANANANA,fedez,0
..\data\mp3_dataset\fedez_fibra\ART07024718 - TR975259.mp3,ART07024718 - TR975259.mp3,TR975259,975259,TR975259,Fedez,Volevo Fare Il Rapper RMX,fedez,0
..\data\mp3_dataset\fedez_fibra\ART07024718 - TR978886.mp3,ART07024718 - TR978886.mp3,TR978886,978886,TR978886,Fedez,L’arte di accontentare,fedez,0
..\data\mp3_dataset\fedez_fibra\ART07024718 - TR981117.mp3,ART07024718 - TR981117.mp3,TR981117,981117,TR981117,Fedez,LA CASSA SPINGE 2021,fedez,0
..\data\mp3_dataset\fedez_fibra\ART07024718 - TR986135.mp3,ART07024718 - TR986135.mp3,TR986135,986135,TR986135,Fedez,Dove Si Va,fedez,0
..\data\mp3_dataset\fedez_fibra\ART07024718 - TR996231.mp3,ART07024718 - TR996231.mp3,TR996231,996231,TR996231,Fedez,Ti Porto con Me,fedez,0
..\data\mp3_dataset\fedez_fibra\ART07024718 - TR998032.mp3,ART07024718 - TR998032.mp3,TR998032,998032,TR998032,Fedez,Mentine,fedez,0
..\data\mp3_dataset\fedez_fibra\ART07024718 - TR998660.mp3,ART07024718 - TR998660.mp3,TR998660,998660,TR998660,Fedez,Un Sorriso,fedez,0
..\data\mp3_dataset\fedez_fibra\ART25707984 - TR100524.mp3,ART25707984 - TR100524.mp3,TR100524,100524,TR100524,Fabri Fibra,Alta Vendita,fabri fibra,1
..\data\mp3_dataset\fedez_fibra\ART25707984 - TR105364.mp3,ART25707984 - TR105364.mp3,TR105364,105364,TR105364,Fabri Fibra,Mal Di Stomaco,fabri fibra,1
..\data\mp3_dataset\fedez_fibra\ART25707984 - TR108446.mp3,ART25707984 - TR108446.mp3,TR108446,108446,TR108446,Fabri Fibra,In Italia 2024,fabri fibra,1
..\data\mp3_dataset\fedez_fibra\ART25707984 - TR111715.mp3,ART25707984 - TR111715.mp3,TR111715,111715,TR111715,Fabri Fibra,Nessun aiuto,fabri fibra,1
..\data\mp3_dataset\fedez_fibra\ART25707984 - TR114955.mp3,ART25707984 - TR114955.mp3,TR114955,114955,TR114955,Fabri Fibra,Voce,fabri fibra,1
..\data\mp3_dataset\fedez_fibra\ART25707984 - TR115652.mp3,ART25707984 - TR115652.mp3,TR115652,115652,TR115652,Fabri Fibra,Troppi Limiti,fabri fibra,1
..\data\mp3_dataset\fedez_fibra\ART25707984 - TR120106.mp3,ART25707984 - TR120106.mp3,TR120106,120106,TR120106,Fabri Fibra,Felice Per Me,fabri fibra,1
..\data\mp3_dataset\fedez_fibra\ART25707984 - TR121405.mp3,ART25707984 - TR121405.mp3,TR121405,121405,TR121405,Fabri Fibra,Lo Sto Facendo,fabri fibra,1
..\data\mp3_dataset\fedez_fibra\ART25707984 - TR122922.mp3,ART25707984 - TR122922.mp3,TR122922,122922,TR122922,Fabri Fibra,Vaffanculo Scemo,fabri fibra,1
..\data\mp3_dataset\fedez_fibra\ART25707984 - TR136811.mp3,ART25707984 - TR136811.mp3,TR136811,136811,TR136811,Fabri Fibra,Come Te,fabri fibra,1
..\data\mp3_dataset\fedez_fibra\ART25707984 - TR137864.mp3,ART25707984 - TR137864.mp3,TR137864,137864,TR137864,Fabri Fibra,Strani Pensieri,fabri fibra,1
..\data\mp3_dataset\fedez_fibra\ART25707984 - TR143367.mp3,ART25707984 - TR143367.mp3,TR143367,143367,TR143367,Fabri Fibra,Fenomeno,fabri fibra,1
..\data\mp3_dataset\fedez_fibra\ART25707984 - TR148805.mp3,ART25707984 - TR148805.mp3,TR148805,148805,TR148805,Fabri Fibra,Su Le Mani,fabri fibra,1
..\data\mp3_dataset\fedez_fibra\ART25707984 - TR150455.mp3,ART25707984 - TR150455.mp3,TR150455,150455,TR150455,Fabri Fibra,Demo Nello Stereo,fabri fibra,1
..\data\mp3_dataset\fedez_fibra\ART25707984 - TR156022.mp3,ART25707984 - TR156022.mp3,TR156022,156022,TR156022,Fabri Fibra,Adorazione,fabri fibra,1
..\data\mp3_dataset\fedez_fibra\ART25707984 - TR160920.mp3,ART25707984 - TR160920.mp3,TR160920,160920,TR160920,Fabri Fibra,Bonus Track (Turbe Giovanili Remaster 2010),fabri fibra,1
..\data\mp3_dataset\fedez_fibra\ART25707984 - TR162052.mp3,ART25707984 - TR162052.mp3,TR162052,162052,TR162052,Fabri Fibra,Di Noi,fabri fibra,1
..\data\mp3_dataset\fedez_fibra\ART25707984 - TR166646.mp3,ART25707984 - TR166646.mp3,TR166646,166646,TR166646,Fabri Fibra,Chi Vuole Essere Fabri Fibra?,fabri fibra,1
..\data\mp3_dataset\fedez_fibra\ART25707984 - TR167063.mp3,ART25707984 - TR167063.mp3,TR167063,167063,TR167063,Fabri Fibra,Che Culo! Che Figa!,fabri fibra,1
..\data\mp3_dataset\fedez_fibra\ART25707984 - TR167740.mp3,ART25707984 - TR167740.mp3,TR167740,167740,TR167740,Fabri Fibra,Dipinto di blu,fabri fibra,1
..\data\mp3_dataset\fedez_fibra\ART25707984 - TR168277.mp3,ART25707984 - TR168277.mp3,TR168277,168277,TR168277,Fabri Fibra,Incomprensioni,fabri fibra,1
..\data\mp3_dataset\fedez_fibra\ART25707984 - TR172746.mp3,ART25707984 - TR172746.mp3,TR172746,172746,TR172746,Fabri Fibra,Playboy,fabri fibra,1
..\data\mp3_dataset\fedez_fibra\ART25707984 - TR174989.mp3,ART25707984 - TR174989.mp3,TR174989,174989,TR174989,Fabri Fibra,Dalla A alla Zeta (Remaster 2010),fabri fibra,1
..\data\mp3_dataset\fedez_fibra\ART25707984 - TR176424.mp3,ART25707984 - TR176424.mp3,TR176424,176424,TR176424,Fabri Fibra,Squallor,fabri fibra,1
..\data\mp3_dataset\fedez_fibra\ART25707984 - TR177789.mp3,ART25707984 - TR177789.mp3,TR177789,177789,TR177789,Fabri Fibra,Cuore Di Latta,fabri fibra,1
..\data\mp3_dataset\fedez_fibra\ART25707984 - TR178473.mp3,ART25707984 - TR178473.mp3,TR178473,178473,TR178473,Fabri Fibra,Stelle,fabri fibra,1
..\data\mp3_dataset\fedez_fibra\ART25707984 - TR188259.mp3,ART25707984 - TR188259.mp3,TR188259,188259,TR188259,Fabri Fibra,Sanremo Megamix,fabri fibra,1
..\data\mp3_dataset\fedez_fibra\ART25707984 - TR192986.mp3,ART25707984 - TR192986.mp3,TR192986,192986,TR192986,Fabri Fibra,Freestyle (2004),fabri fibra,1
..\data\mp3_dataset\fedez_fibra\ART25707984 - TR198241.mp3,ART25707984 - TR198241.mp3,TR198241,198241,TR198241,Fabri Fibra,Le vacanze,fabri fibra,1
..\data\mp3_dataset\fedez_fibra\ART25707984 - TR203999.mp3,ART25707984 - TR203999.mp3,TR203999,203999,TR203999,Fabri Fibra,Cocaine,fabri fibra,1
..\data\mp3_dataset\fedez_fibra\ART25707984 - TR204867.mp3,ART25707984 - TR204867.mp3,TR204867,204867,TR204867,Fabri Fibra,Io non ti invidio,fabri fibra,1
..\data\mp3_dataset\fedez_fibra\ART25707984 - TR218393.mp3,ART25707984 - TR218393.mp3,TR218393,218393,TR218393,Fabri Fibra,Che fine hai fatto Fibra? (64 Bars),fabri fibra,1
..\data\mp3_dataset\fedez_fibra\ART25707984 - TR219103.mp3,ART25707984 - TR219103.mp3,TR219103,219103,TR219103,Fabri Fibra,Mille Domande,fabri fibra,1
..\data\mp3_dataset\fedez_fibra\ART25707984 - TR219347.mp3,ART25707984 - TR219347.mp3,TR219347,219347,TR219347,Fabri Fibra,Saddam Freestyle,fabri fibra,1
..\data\mp3_dataset\fedez_fibra\ART25707984 - TR219883.mp3,ART25707984 - TR219883.mp3,TR219883,219883,TR219883,Fabri Fibra,Stile Libero Passato,fabri fibra,1
..\data\mp3_dataset\fedez_fibra\ART25707984 - TR220174.mp3,ART25707984 - TR220174.mp3,TR220174,220174,TR220174,Fabri Fibra,Spara Al Diavolo,fabri fibra,1
..\data\mp3_dataset\fedez_fibra\ART25707984 - TR220790.mp3,ART25707984 - TR220790.mp3,TR220790,220790,TR220790,Fabri Fibra,Non Potete Capire,fabri fibra,1
..\data\mp3_dataset\fedez_fibra\ART25707984 - TR224027.mp3,ART25707984 - TR224027.mp3,TR224027,224027,TR224027,Fabri Fibra,Intro (Fenomeno),fabri fibra,1
..\data\mp3_dataset\fedez_fibra\ART25707984 - TR224256.mp3,ART25707984 - TR224256.mp3,TR224256,224256,TR224256,Fabri Fibra,Outro (Senti),fabri fibra,1
..\data\mp3_dataset\fedez_fibra\ART25707984 - TR231480.mp3,ART25707984 - TR231480.mp3,TR231480,231480,TR231480,Fabri Fibra,Centoquindici,fabri fibra,1
..\data\mp3_dataset\fedez_fibra\ART25707984 - TR232256.mp3,ART25707984 - TR232256.mp3,TR232256,232256,TR232256,Fabri Fibra,Solo una botta,fabri fibra,1
..\data\mp3_dataset\fedez_fibra\ART25707984 - TR233630.mp3,ART25707984 - TR233630.mp3,TR233630,233630,TR233630,Fabri Fibra,E.U.R.O,fabri fibra,1
..\data\mp3_dataset\fedez_fibra\ART25707984 - TR234697.mp3,ART25707984 - TR234697.mp3,TR234697,234697,TR234697,Fabri Fibra,Scattano Le Indagini,fabri fibra,1
..\data\mp3_dataset\fedez_fibra\ART25707984 - TR234738.mp3,ART25707984 - TR234738.mp3,TR234738,234738,TR234738,Fabri Fibra,L’accoppiaggio,fabri fibra,1
..\data\mp3_dataset\fedez_fibra\ART25707984 - TR237380.mp3,ART25707984 - TR237380.mp3,TR237380,237380,TR237380,Fabri Fibra,Alieno,fabri fibra,1
..\data\mp3_dataset\fedez_fibra\ART25707984 - TR239743.mp3,ART25707984 - TR239743.mp3,TR239743,239743,TR239743,Fabri Fibra,Fatti Da Parte,fabri fibra,1
..\data\mp3_dataset\fedez_fibra\ART25707984 - TR245679.mp3,ART25707984 - TR245679.mp3,TR245679,245679,TR245679,Fabri Fibra,Outro PDF,fabri fibra,1
..\data\mp3_dataset\fedez_fibra\ART25707984 - TR247713.mp3,ART25707984 - TR247713.mp3,TR247713,247713,TR247713,Fabri Fibra,Extralarge,fabri fibra,1
..\data\mp3_dataset\fedez_fibra\ART25707984 - TR248802.mp3,ART25707984 - TR248802.mp3,TR248802,248802,TR248802,Fabri Fibra,6791,fabri fibra,1
..\data\mp3_dataset\fedez_fibra\ART25707984 - TR249890.mp3,ART25707984 - TR249890.mp3,TR249890,249890,TR249890,Fabri Fibra,Lamborghini / Rime Sul Beat,fabri fibra,1
..\data\mp3_dataset\fedez_fibra\ART25707984 - TR250056.mp3,ART25707984 - TR250056.mp3,TR250056,250056,TR250056,Fabri Fibra,A Questo Show,fabri fibra,1
..\data\mp3_dataset\fedez_fibra\ART25707984 - TR251094.mp3,ART25707984 - TR251094.mp3,TR251094,251094,TR251094,Fabri Fibra,Troie in Porsche,fabri fibra,1
..\data\mp3_dataset\fedez_fibra\ART25707984 - TR251966.mp3,ART25707984 - TR251966.mp3,TR251966,251966,TR251966,Fabri Fibra,Raggi Laser,fabri fibra,1
..\data\mp3_dataset\fedez_fibra\ART25707984 - TR252912.mp3,ART25707984 - TR252912.mp3,TR252912,252912,TR252912,Fabri Fibra,Gonfio così,fabri fibra,1
..\data\mp3_dataset\fedez_fibra\ART25707984 - TR255665.mp3,ART25707984 - TR255665.mp3,TR255665,255665,TR255665,Fabri Fibra,Ring Ring,fabri fibra,1
..\data\mp3_dataset\fedez_fibra\ART25707984 - TR260784.mp3,ART25707984 - TR260784.mp3,TR260784,260784,TR260784,Fabri Fibra,≠ (Diverso),fabri fibra,1
..\data\mp3_dataset\fedez_fibra\ART25707984 - TR264422.mp3,ART25707984 - TR264422.mp3,TR264422,264422,TR264422,Fabri Fibra,Parodia (MTV Day 2006),fabri fibra,1
..\data\mp3_dataset\fedez_fibra\ART25707984 - TR267048.mp3,ART25707984 - TR267048.mp3,TR267048,267048,TR267048,Fabri Fibra,Streetstyle Intro,fabri fibra,1
..\data\mp3_dataset\fedez_fibra\ART25707984 - TR273414.mp3,ART25707984 - TR273414.mp3,TR273414,273414,TR273414,Fabri Fibra,Invece no,fabri fibra,1
..\data\mp3_dataset\fedez_fibra\ART25707984 - TR274115.mp3,ART25707984 - TR274115.mp3,TR274115,274115,TR274115,Fabri Fibra,Di Fretta,fabri fibra,1
..\data\mp3_dataset\fedez_fibra\ART25707984 - TR278311.mp3,ART25707984 - TR278311.mp3,TR278311,278311,TR278311,Fabri Fibra,Panico,fabri fibra,1
..\data\mp3_dataset\fedez_fibra\ART25707984 - TR282407.mp3,ART25707984 - TR282407.mp3,TR282407,282407,TR282407,Fabri Fibra,Fabri Fibra A Spit 2011,fabri fibra,1
..\data\mp3_dataset\fedez_fibra\ART25707984 - TR285089.mp3,ART25707984 - TR285089.mp3,TR285089,285089,TR285089,Fabri Fibra,Non Credo Ai Media,fabri fibra,1
..\data\mp3_dataset\fedez_fibra\ART25707984 - TR290267.mp3,ART25707984 - TR290267.mp3,TR290267,290267,TR290267,Fabri Fibra,"Pronti, Partenza, Via!",fabri fibra,1
..\data\mp3_dataset\fedez_fibra\ART25707984 - TR291776.mp3,ART25707984 - TR291776.mp3,TR291776,291776,TR291776,Fabri Fibra,Trainspotting,fabri fibra,1
..\data\mp3_dataset\fedez_fibra\ART25707984 - TR296960.mp3,ART25707984 - TR296960.mp3,TR296960,296960,TR296960,Fabri Fibra,RIN Freestyle,fabri fibra,1
..\data\mp3_dataset\fedez_fibra\ART25707984 - TR300576.mp3,ART25707984 - TR300576.mp3,TR300576,300576,TR300576,Fabri Fibra,Bonus track,fabri fibra,1
..\data\mp3_dataset\fedez_fibra\ART25707984 - TR307833.mp3,ART25707984 - TR307833.mp3,TR307833,307833,TR307833,Fabri Fibra,Stupidi,fabri fibra,1
..\data\mp3_dataset\fedez_fibra\ART25707984 - TR307915.mp3,ART25707984 - TR307915.mp3,TR307915,307915,TR307915,Fabri Fibra,A Me Di Te,fabri fibra,1
..\data\mp3_dataset\fedez_fibra\ART25707984 - TR312732.mp3,ART25707984 - TR312732.mp3,TR312732,312732,TR312732,Fabri Fibra,Red Carpet,fabri fibra,1
..\data\mp3_dataset\fedez_fibra\ART25707984 - TR316521.mp3,ART25707984 - TR316521.mp3,TR316521,316521,TR316521,Fabri Fibra,Ogni giorno,fabri fibra,1
..\data\mp3_dataset\fedez_fibra\ART25707984 - TR316896.mp3,ART25707984 - TR316896.mp3,TR316896,316896,TR316896,Fabri Fibra,Vip In Trip,fabri fibra,1
..\data\mp3_dataset\fedez_fibra\ART25707984 - TR324941.mp3,ART25707984 - TR324941.mp3,TR324941,324941,TR324941,Fabri Fibra,Bugiardo,fabri fibra,1
..\data\mp3_dataset\fedez_fibra\ART25707984 - TR336834.mp3,ART25707984 - TR336834.mp3,TR336834,336834,TR336834,Fabri Fibra,Capito Tutto,fabri fibra,1
..\data\mp3_dataset\fedez_fibra\ART25707984 - TR340036.mp3,ART25707984 - TR340036.mp3,TR340036,340036,TR340036,Fabri Fibra,Il Tappo,fabri fibra,1
..\data\mp3_dataset\fedez_fibra\ART25707984 - TR344030.mp3,ART25707984 - TR344030.mp3,TR344030,344030,TR344030,Fabri Fibra,Ma Che Persona (Remaster 2010),fabri fibra,1
..\data\mp3_dataset\fedez_fibra\ART25707984 - TR344080.mp3,ART25707984 - TR344080.mp3,TR344080,344080,TR344080,Fabri Fibra,Lascia stare,fabri fibra,1
..\data\mp3_dataset\fedez_fibra\ART25707984 - TR345528.mp3,ART25707984 - TR345528.mp3,TR345528,345528,TR345528,Fabri Fibra,Un’Altra Chance,fabri fibra,1
..\data\mp3_dataset\fedez_fibra\ART25707984 - TR349321.mp3,ART25707984 - TR349321.mp3,TR349321,349321,TR349321,Fabri Fibra,Tienila su,fabri fibra,1
..\data\mp3_dataset\fedez_fibra\ART25707984 - TR351380.mp3,ART25707984 - TR351380.mp3,TR351380,351380,TR351380,Fabri Fibra,Tutto In Un Giorno,fabri fibra,1
..\data\mp3_dataset\fedez_fibra\ART25707984 - TR363564.mp3,ART25707984 - TR363564.mp3,TR363564,363564,TR363564,Fabri Fibra,Freestyle Liquido,fabri fibra,1
..\data\mp3_dataset\fedez_fibra\ART25707984 - TR368909.mp3,ART25707984 - TR368909.mp3,TR368909,368909,TR368909,Fabri Fibra,Sempre Io,fabri fibra,1
..\data\mp3_dataset\fedez_fibra\ART25707984 - TR370663.mp3,ART25707984 - TR370663.mp3,TR370663,370663,TR370663,Fabri Fibra,Controcultura,fabri fibra,1
..\data\mp3_dataset\fedez_fibra\ART25707984 - TR373448.mp3,ART25707984 - TR373448.mp3,TR373448,373448,TR373448,Fabri Fibra,Stile Libero Presente,fabri fibra,1
..\data\mp3_dataset\fedez_fibra\ART25707984 - TR375955.mp3,ART25707984 - TR375955.mp3,TR375955,375955,TR375955,Fabri Fibra,Bugiardo Megamix,fabri fibra,1
..\data\mp3_dataset\fedez_fibra\ART25707984 - TR376662.mp3,ART25707984 - TR376662.mp3,TR376662,376662,TR376662,Fabri Fibra,Certe Cose Si Sanno,fabri fibra,1
..\data\mp3_dataset\fedez_fibra\ART25707984 - TR382463.mp3,ART25707984 - TR382463.mp3,TR382463,382463,TR382463,Fabri Fibra,Le Donne,fabri fibra,1
..\data\mp3_dataset\fedez_fibra\ART25707984 - TR385951.mp3,ART25707984 - TR385951.mp3,TR385951,385951,TR385951,Fabri Fibra,Dio C’è,fabri fibra,1
..\data\mp3_dataset\fedez_fibra\ART25707984 - TR388921.mp3,ART25707984 - TR388921.mp3,TR388921,388921,TR388921,Fabri Fibra,Che Gusto C’è,fabri fibra,1
..\data\mp3_dataset\fedez_fibra\ART25707984 - TR392741.mp3,ART25707984 - TR392741.mp3,TR392741,392741,TR392741,Fabri Fibra,Idee Stupide,fabri fibra,1
..\data\mp3_dataset\fedez_fibra\ART25707984 - TR397401.mp3,ART25707984 - TR397401.mp3,TR397401,397401,TR397401,Fabri Fibra,Teoria E Pratica RMX,fabri fibra,1
..\data\mp3_dataset\fedez_fibra\ART25707984 - TR402241.mp3,ART25707984 - TR402241.mp3,TR402241,402241,TR402241,Fabri Fibra,Rap Natalistico,fabri fibra,1
..\data\mp3_dataset\fedez_fibra\ART25707984 - TR403288.mp3,ART25707984 - TR403288.mp3,TR403288,403288,TR403288,Fabri Fibra,Dexter,fabri fibra,1
..\data\mp3_dataset\fedez_fibra\ART25707984 - TR407335.mp3,ART25707984 - TR407335.mp3,TR407335,407335,TR407335,Fabri Fibra,Andiamo A Sanremo,fabri fibra,1
..\data\mp3_dataset\fedez_fibra\ART25707984 - TR408042.mp3,ART25707984 - TR408042.mp3,TR408042,408042,TR408042,Fabri Fibra,2031 (Intro),fabri fibra,1
..\data\mp3_dataset\fedez_fibra\ART25707984 - TR409731.mp3,ART25707984 - TR409731.mp3,TR409731,409731,TR409731,Fabri Fibra,Non Correre,fabri fibra,1
..\data\mp3_dataset\fedez_fibra\ART25707984 - TR412854.mp3,ART25707984 - TR412854.mp3,TR412854,412854,TR412854,Fabri Fibra,Pronti Al Peggio,fabri fibra,1
..\data\mp3_dataset\fedez_fibra\ART25707984 - TR414333.mp3,ART25707984 - TR414333.mp3,TR414333,414333,TR414333,Fabri Fibra,Troppo Di Tutto (Guerra E Pace Deluxe Edition Bonus Track),fabri fibra,1
..\data\mp3_dataset\fedez_fibra\ART25707984 - TR418852.mp3,ART25707984 - TR418852.mp3,TR418852,418852,TR418852,Fabri Fibra,Fenomeno (Early Demo),fabri fibra,1
..\data\mp3_dataset\fedez_fibra\ART25707984 - TR420224.mp3,ART25707984 - TR420224.mp3,TR420224,420224,TR420224,Fabri Fibra,Brut,fabri fibra,1
..\data\mp3_dataset\fedez_fibra\ART25707984 - TR420459.mp3,ART25707984 - TR420459.mp3,TR420459,420459,TR420459,Fabri Fibra,Bonus Track (Turbe Giovanili),fabri fibra,1
..\data\mp3_dataset\fedez_fibra\ART25707984 - TR424045.mp3,ART25707984 - TR424045.mp3,TR424045,424045,TR424045,Fabri Fibra,Nessuno Lo Dice,fabri fibra,1
..\data\mp3_dataset\fedez_fibra\ART25707984 - TR428096.mp3,ART25707984 - TR428096.mp3,TR428096,428096,TR428096,Fabri Fibra,Questo È Il Nuovo Singolo,fabri fibra,1
..\data\mp3_dataset\fedez_fibra\ART25707984 - TR434327.mp3,ART25707984 - TR434327.mp3,TR434327,434327,TR434327,Fabri Fibra,Stavo pensando a te,fabri fibra,1
..\data\mp3_dataset\fedez_fibra\ART25707984 - TR435845.mp3,ART25707984 - TR435845.mp3,TR435845,435845,TR435845,Fabri Fibra,Intro Casus Belli,fabri fibra,1
..\data\mp3_dataset\fedez_fibra\ART25707984 - TR438358.mp3,ART25707984 - TR438358.mp3,TR438358,438358,TR438358,Fabri Fibra,Ringrazio,fabri fibra,1
..\data\mp3_dataset\fedez_fibra\ART25707984 - TR443742.mp3,ART25707984 - TR443742.mp3,TR443742,443742,TR443742,Fabri Fibra,Momenti no,fabri fibra,1
..\data\mp3_dataset\fedez_fibra\ART25707984 - TR444433.mp3,ART25707984 - TR444433.mp3,TR444433,444433,TR444433,Fabri Fibra,Propaganda,fabri fibra,1
..\data\mp3_dataset\fedez_fibra\ART25707984 - TR445086.mp3,ART25707984 - TR445086.mp3,TR445086,445086,TR445086,Fabri Fibra,Ci Penso Dopo,fabri fibra,1
..\data\mp3_dataset\fedez_fibra\ART25707984 - TR446619.mp3,ART25707984 - TR446619.mp3,TR446619,446619,TR446619,Fabri Fibra,Andiamo,fabri fibra,1
..\data\mp3_dataset\fedez_fibra\ART25707984 - TR448308.mp3,ART25707984 - TR448308.mp3,TR448308,448308,TR448308,Fabri Fibra,Lascia Un Segno,fabri fibra,1
..\data\mp3_dataset\fedez_fibra\ART25707984 - TR451705.mp3,ART25707984 - TR451705.mp3,TR451705,451705,TR451705,Fabri Fibra,Zelensky (Red Bull 64 Bars),fabri fibra,1
..\data\mp3_dataset\fedez_fibra\ART25707984 - TR455665.mp3,ART25707984 - TR455665.mp3,TR455665,455665,TR455665,Fabri Fibra,Personaggi Di Passaggio,fabri fibra,1
..\data\mp3_dataset\fedez_fibra\ART25707984 - TR456894.mp3,ART25707984 - TR456894.mp3,TR456894,456894,TR456894,Fabri Fibra,Stavo Pensando A Te (Re-Edit),fabri fibra,1
..\data\mp3_dataset\fedez_fibra\ART25707984 - TR466354.mp3,ART25707984 - TR466354.mp3,TR466354,466354,TR466354,Fabri Fibra,Un Calmante,fabri fibra,1
..\data\mp3_dataset\fedez_fibra\ART25707984 - TR466521.mp3,ART25707984 - TR466521.mp3,TR466521,466521,TR466521,Fabri Fibra,Venerdì diciassette,fabri fibra,1
..\data\mp3_dataset\fedez_fibra\ART25707984 - TR472380.mp3,ART25707984 - TR472380.mp3,TR472380,472380,TR472380,Fabri Fibra,Faccio sul serio,fabri fibra,1
..\data\mp3_dataset\fedez_fibra\ART25707984 - TR475897.mp3,ART25707984 - TR475897.mp3,TR475897,475897,TR475897,Fabri Fibra,Sono Hip Hop,fabri fibra,1
..\data\mp3_dataset\fedez_fibra\ART25707984 - TR479793.mp3,ART25707984 - TR479793.mp3,TR479793,479793,TR479793,Fabri Fibra,Questa Vita,fabri fibra,1
..\data\mp3_dataset\fedez_fibra\ART25707984 - TR481276.mp3,ART25707984 - TR481276.mp3,TR481276,481276,TR481276,Fabri Fibra,Brutto Figlio Di,fabri fibra,1
..\data\mp3_dataset\fedez_fibra\ART25707984 - TR482736.mp3,ART25707984 - TR482736.mp3,TR482736,482736,TR482736,Fabri Fibra,Da questo locale,fabri fibra,1
..\data\mp3_dataset\fedez_fibra\ART25707984 - TR483704.mp3,ART25707984 - TR483704.mp3,TR483704,483704,TR483704,Fabri Fibra,È Un Tuo Problema,fabri fibra,1
..\data\mp3_dataset\fedez_fibra\ART25707984 - TR484122.mp3,ART25707984 - TR484122.mp3,TR484122,484122,TR484122,Fabri Fibra,Nella Scena,fabri fibra,1
..\data\mp3_dataset\fedez_fibra\ART25707984 - TR484857.mp3,ART25707984 - TR484857.mp3,TR484857,484857,TR484857,Fabri Fibra,Ogni Donna,fabri fibra,1
..\data\mp3_dataset\fedez_fibra\ART25707984 - TR492188.mp3,ART25707984 - TR492188.mp3,TR492188,492188,TR492188,Fabri Fibra,Fuori Norma,fabri fibra,1
..\data\mp3_dataset\fedez_fibra\ART25707984 - TR497858.mp3,ART25707984 - TR497858.mp3,TR497858,497858,TR497858,Fabri Fibra,Niente male,fabri fibra,1
..\data\mp3_dataset\fedez_fibra\ART25707984 - TR503521.mp3,ART25707984 - TR503521.mp3,TR503521,503521,TR503521,Fabri Fibra,E Tu Ci Convivi,fabri fibra,1
..\data\mp3_dataset\fedez_fibra\ART25707984 - TR506768.mp3,ART25707984 - TR506768.mp3,TR506768,506768,TR506768,Fabri Fibra,Troppo Famoso,fabri fibra,1
..\data\mp3_dataset\fedez_fibra\ART25707984 - TR508264.mp3,ART25707984 - TR508264.mp3,TR508264,508264,TR508264,Fabri Fibra,Amici O Nemici,fabri fibra,1
..\data\mp3_dataset\fedez_fibra\ART25707984 - TR512155.mp3,ART25707984 - TR512155.mp3,TR512155,512155,TR512155,Fabri Fibra,Intro,fabri fibra,1
..\data\mp3_dataset\fedez_fibra\ART25707984 - TR517220.mp3,ART25707984 - TR517220.mp3,TR517220,517220,TR517220,Fabri Fibra,In Quel Posto,fabri fibra,1
..\data\mp3_dataset\fedez_fibra\ART25707984 - TR518927.mp3,ART25707984 - TR518927.mp3,TR518927,518927,TR518927,Fabri Fibra,Liberi,fabri fibra,1
..\data\mp3_dataset\fedez_fibra\ART25707984 - TR519371.mp3,ART25707984 - TR519371.mp3,TR519371,519371,TR519371,Fabri Fibra,In Testa,fabri fibra,1
..\data\mp3_dataset\fedez_fibra\ART25707984 - TR525576.mp3,ART25707984 - TR525576.mp3,TR525576,525576,TR525576,Fabri Fibra,Come Vasco,fabri fibra,1
..\data\mp3_dataset\fedez_fibra\ART25707984 - TR532822.mp3,ART25707984 - TR532822.mp3,TR532822,532822,TR532822,Fabri Fibra,3 Parole,fabri fibra,1
..\data\mp3_dataset\fedez_fibra\ART25707984 - TR537942.mp3,ART25707984 - TR537942.mp3,TR537942,537942,TR537942,Fabri Fibra,Che Tempi,fabri fibra,1
..\data\mp3_dataset\fedez_fibra\ART25707984 - TR539870.mp3,ART25707984 - TR539870.mp3,TR539870,539870,TR539870,Fabri Fibra,Come Totti,fabri fibra,1
..\data\mp3_dataset\fedez_fibra\ART25707984 - TR539926.mp3,ART25707984 - TR539926.mp3,TR539926,539926,TR539926,Fabri Fibra,Caos,fabri fibra,1
..\data\mp3_dataset\fedez_fibra\ART25707984 - TR540123.mp3,ART25707984 - TR540123.mp3,TR540123,540123,TR540123,Fabri Fibra,Freestyle Gasato,fabri fibra,1
..\data\mp3_dataset\fedez_fibra\ART25707984 - TR547354.mp3,ART25707984 - TR547354.mp3,TR547354,547354,TR547354,Fabri Fibra,Tutti In Quarantena (Coronavirus Freestyle),fabri fibra,1
..\data\mp3_dataset\fedez_fibra\ART25707984 - TR547400.mp3,ART25707984 - TR547400.mp3,TR547400,547400,TR547400,Fabri Fibra,La Fretta,fabri fibra,1
..\data\mp3_dataset\fedez_fibra\ART25707984 - TR550536.mp3,ART25707984 - TR550536.mp3,TR550536,550536,TR550536,Fabri Fibra,Non fare la puttana,fabri fibra,1
..\data\mp3_dataset\fedez_fibra\ART25707984 - TR553134.mp3,ART25707984 - TR553134.mp3,TR553134,553134,TR553134,Fabri Fibra,Still Dre freestyle,fabri fibra,1
..\data\mp3_dataset\fedez_fibra\ART25707984 - TR554964.mp3,ART25707984 - TR554964.mp3,TR554964,554964,TR554964,Fabri Fibra,In Italia,fabri fibra,1
..\data\mp3_dataset\fedez_fibra\ART25707984 - TR561056.mp3,ART25707984 - TR561056.mp3,TR561056,561056,TR561056,Fabri Fibra,Non C’è Tempo,fabri fibra,1
..\data\mp3_dataset\fedez_fibra\ART25707984 - TR561901.mp3,ART25707984 - TR561901.mp3,TR561901,561901,TR561901,Fabri Fibra,Ah Yeah Mr. Simpatia,fabri fibra,1
..\data\mp3_dataset\fedez_fibra\ART25707984 - TR564816.mp3,ART25707984 - TR564816.mp3,TR564816,564816,TR564816,Fabri Fibra,Mr. Simpatia,fabri fibra,1
..\data\mp3_dataset\fedez_fibra\ART25707984 - TR565958.mp3,ART25707984 - TR565958.mp3,TR565958,565958,TR565958,Fabri Fibra,Sento le Sirene,fabri fibra,1
..\data\mp3_dataset\fedez_fibra\ART25707984 - TR580051.mp3,ART25707984 - TR580051.mp3,TR580051,580051,TR580051,Fabri Fibra,Dagli Sbagli Si Impara,fabri fibra,1
..\data\mp3_dataset\fedez_fibra\ART25707984 - TR581440.mp3,ART25707984 - TR581440.mp3,TR581440,581440,TR581440,Fabri Fibra,Prima Che Sia Domani,fabri fibra,1
..\data\mp3_dataset\fedez_fibra\ART25707984 - TR588490.mp3,ART25707984 - TR588490.mp3,TR588490,588490,TR588490,Fabri Fibra,Quelle Radio,fabri fibra,1
..\data\mp3_dataset\fedez_fibra\ART25707984 - TR588523.mp3,ART25707984 - TR588523.mp3,TR588523,588523,TR588523,Fabri Fibra,Cane Mangia Cane,fabri fibra,1
..\data\mp3_dataset\fedez_fibra\ART25707984 - TR589489.mp3,ART25707984 - TR589489.mp3,TR589489,589489,TR589489,Fabri Fibra,Niente Di Personale,fabri fibra,1
..\data\mp3_dataset\fedez_fibra\ART25707984 - TR591050.mp3,ART25707984 - TR591050.mp3,TR591050,591050,TR591050,Fabri Fibra,In Italia (English Version),fabri fibra,1
..\data\mp3_dataset\fedez_fibra\ART25707984 - TR591366.mp3,ART25707984 - TR591366.mp3,TR591366,591366,TR591366,Fabri Fibra,Luna Piena,fabri fibra,1
..\data\mp3_dataset\fedez_fibra\ART25707984 - TR591369.mp3,ART25707984 - TR591369.mp3,TR591369,591369,TR591369,Fabri Fibra,Non crollo,fabri fibra,1
..\data\mp3_dataset\fedez_fibra\ART25707984 - TR593858.mp3,ART25707984 - TR593858.mp3,TR593858,593858,TR593858,Fabri Fibra,Non Provo Più Niente,fabri fibra,1
..\data\mp3_dataset\fedez_fibra\ART25707984 - TR597065.mp3,ART25707984 - TR597065.mp3,TR597065,597065,TR597065,Fabri Fibra,Luna,fabri fibra,1
..\data\mp3_dataset\fedez_fibra\ART25707984 - TR597348.mp3,ART25707984 - TR597348.mp3,TR597348,597348,TR597348,Fabri Fibra,Qualche Limite,fabri fibra,1
..\data\mp3_dataset\fedez_fibra\ART25707984 - TR600057.mp3,ART25707984 - TR600057.mp3,TR600057,600057,TR600057,Fabri Fibra,Meglio Me Che Te,fabri fibra,1
..\data\mp3_dataset\fedez_fibra\ART25707984 - TR605119.mp3,ART25707984 - TR605119.mp3,TR605119,605119,TR605119,Fabri Fibra,Non siamo in America,fabri fibra,1
..\data\mp3_dataset\fedez_fibra\ART25707984 - TR607550.mp3,ART25707984 - TR607550.mp3,TR607550,607550,TR607550,Fabri Fibra,In Alto,fabri fibra,1
..\data\mp3_dataset\fedez_fibra\ART25707984 - TR609770.mp3,ART25707984 - TR609770.mp3,TR609770,609770,TR609770,Fabri Fibra,Money For Dope 2017,fabri fibra,1
..\data\mp3_dataset\fedez_fibra\ART25707984 - TR613459.mp3,ART25707984 - TR613459.mp3,TR613459,613459,TR613459,Fabri Fibra,Applausi Per Fibra,fabri fibra,1
..\data\mp3_dataset\fedez_fibra\ART25707984 - TR618043.mp3,ART25707984 - TR618043.mp3,TR618043,618043,TR618043,Fabri Fibra,Freestyle Nuova Scena 2,fabri fibra,1
..\data\mp3_dataset\fedez_fibra\ART25707984 - TR628557.mp3,ART25707984 - TR628557.mp3,TR628557,628557,TR628557,Fabri Fibra,Qui Dentro,fabri fibra,1
..\data\mp3_dataset\fedez_fibra\ART25707984 - TR632060.mp3,ART25707984 - TR632060.mp3,TR632060,632060,TR632060,Fabri Fibra,La Pula Bussò,fabri fibra,1
..\data\mp3_dataset\fedez_fibra\ART25707984 - TR633813.mp3,ART25707984 - TR633813.mp3,TR633813,633813,TR633813,Fabri Fibra,Frank Sinatra,fabri fibra,1
..\data\mp3_dataset\fedez_fibra\ART25707984 - TR646735.mp3,ART25707984 - TR646735.mp3,TR646735,646735,TR646735,Fabri Fibra,Guerra E Pace,fabri fibra,1
..\data\mp3_dataset\fedez_fibra\ART25707984 - TR671007.mp3,ART25707984 - TR671007.mp3,TR671007,671007,TR671007,Fabri Fibra,Il Triangolo Sì,fabri fibra,1
..\data\mp3_dataset\fedez_fibra\ART25707984 - TR672131.mp3,ART25707984 - TR672131.mp3,TR672131,672131,TR672131,Fabri Fibra,Amnesia,fabri fibra,1
..\data\mp3_dataset\fedez_fibra\ART25707984 - TR672561.mp3,ART25707984 - TR672561.mp3,TR672561,672561,TR672561,Fabri Fibra,Questo Pezzo,fabri fibra,1
..\data\mp3_dataset\fedez_fibra\ART25707984 - TR674795.mp3,ART25707984 - TR674795.mp3,TR674795,674795,TR674795,Fabri Fibra,Per Averti Qui,fabri fibra,1
..\data\mp3_dataset\fedez_fibra\ART25707984 - TR676171.mp3,ART25707984 - TR676171.mp3,TR676171,676171,TR676171,Fabri Fibra,Denaro Contante,fabri fibra,1
..\data\mp3_dataset\fedez_fibra\ART25707984 - TR686371.mp3,ART25707984 - TR686371.mp3,TR686371,686371,TR686371,Fabri Fibra,La Soluzione,fabri fibra,1
..\data\mp3_dataset\fedez_fibra\ART25707984 - TR690143.mp3,ART25707984 - TR690143.mp3,TR690143,690143,TR690143,Fabri Fibra,Mai Smesso,fabri fibra,1
..\data\mp3_dataset\fedez_fibra\ART25707984 - TR693043.mp3,ART25707984 - TR693043.mp3,TR693043,693043,TR693043,Fabri Fibra,Voglio Sapere,fabri fibra,1
..\data\mp3_dataset\fedez_fibra\ART25707984 - TR696046.mp3,ART25707984 - TR696046.mp3,TR696046,696046,TR696046,Fabri Fibra,Tipe Come Te,fabri fibra,1
..\data\mp3_dataset\fedez_fibra\ART25707984 - TR700280.mp3,ART25707984 - TR700280.mp3,TR700280,700280,TR700280,Fabri Fibra,Tony Hawk,fabri fibra,1
..\data\mp3_dataset\fedez_fibra\ART25707984 - TR703446.mp3,ART25707984 - TR703446.mp3,TR703446,703446,TR703446,Fabri Fibra,Freestyle,fabri fibra,1
..\data\mp3_dataset\fedez_fibra\ART25707984 - TR704705.mp3,ART25707984 - TR704705.mp3,TR704705,704705,TR704705,Fabri Fibra,Non Faccio Male,fabri fibra,1
..\data\mp3_dataset\fedez_fibra\ART25707984 - TR705159.mp3,ART25707984 - TR705159.mp3,TR705159,705159,TR705159,Fabri Fibra,A Casa,fabri fibra,1
..\data\mp3_dataset\fedez_fibra\ART25707984 - TR709016.mp3,ART25707984 - TR709016.mp3,TR709016,709016,TR709016,Fabri Fibra,Intro (Rima Dopo Rima),fabri fibra,1
..\data\mp3_dataset\fedez_fibra\ART25707984 - TR709616.mp3,ART25707984 - TR709616.mp3,TR709616,709616,TR709616,Fabri Fibra,Palle piene,fabri fibra,1
..\data\mp3_dataset\fedez_fibra\ART25707984 - TR709968.mp3,ART25707984 - TR709968.mp3,TR709968,709968,TR709968,Fabri Fibra,Nemico Pubblico,fabri fibra,1
..\data\mp3_dataset\fedez_fibra\ART25707984 - TR724010.mp3,ART25707984 - TR724010.mp3,TR724010,724010,TR724010,Fabri Fibra,Rivelazione,fabri fibra,1
..\data\mp3_dataset\fedez_fibra\ART25707984 - TR724796.mp3,ART25707984 - TR724796.mp3,TR724796,724796,TR724796,Fabri Fibra,Il Tempo Vola (Original Extended),fabri fibra,1
..\data\mp3_dataset\fedez_fibra\ART25707984 - TR731271.mp3,ART25707984 - TR731271.mp3,TR731271,731271,TR731271,Fabri Fibra,Mani Pulite,fabri fibra,1
..\data\mp3_dataset\fedez_fibra\ART25707984 - TR733092.mp3,ART25707984 - TR733092.mp3,TR733092,733092,TR733092,Fabri Fibra,Non me ne frega un cazzo,fabri fibra,1
..\data\mp3_dataset\fedez_fibra\ART25707984 - TR735029.mp3,ART25707984 - TR735029.mp3,TR735029,735029,TR735029,Fabri Fibra,Tu Così Bella Non Ce L’Hai,fabri fibra,1
..\data\mp3_dataset\fedez_fibra\ART25707984 - TR736278.mp3,ART25707984 - TR736278.mp3,TR736278,736278,TR736278,Fabri Fibra,La Posta Di Fibra,fabri fibra,1
..\data\mp3_dataset\fedez_fibra\ART25707984 - TR737536.mp3,ART25707984 - TR737536.mp3,TR737536,737536,TR737536,Fabri Fibra,Intro Quorum,fabri fibra,1
..\data\mp3_dataset\fedez_fibra\ART25707984 - TR739987.mp3,ART25707984 - TR739987.mp3,TR739987,739987,TR739987,Fabri Fibra,Freestyle a Radio Deejay,fabri fibra,1
..\data\mp3_dataset\fedez_fibra\ART25707984 - TR742051.mp3,ART25707984 - TR742051.mp3,TR742051,742051,TR742051,Fabri Fibra,Stile Libero Futuristico,fabri fibra,1
..\data\mp3_dataset\fedez_fibra\ART25707984 - TR744298.mp3,ART25707984 - TR744298.mp3,TR744298,744298,TR744298,Fabri Fibra,Cronico,fabri fibra,1
..\data\mp3_dataset\fedez_fibra\ART25707984 - TR751110.mp3,ART25707984 - TR751110.mp3,TR751110,751110,TR751110,Fabri Fibra,Tranne Te e Te,fabri fibra,1
..\data\mp3_dataset\fedez_fibra\ART25707984 - TR751225.mp3,ART25707984 - TR751225.mp3,TR751225,751225,TR751225,Fabri Fibra,Tradimento Freestyle,fabri fibra,1
..\data\mp3_dataset\fedez_fibra\ART25707984 - TR754276.mp3,ART25707984 - TR754276.mp3,TR754276,754276,TR754276,Fabri Fibra,Chi C’è,fabri fibra,1
..\data\mp3_dataset\fedez_fibra\ART25707984 - TR762452.mp3,ART25707984 - TR762452.mp3,TR762452,762452,TR762452,Fabri Fibra,Insensibile,fabri fibra,1
..\data\mp3_dataset\fedez_fibra\ART25707984 - TR765677.mp3,ART25707984 - TR765677.mp3,TR765677,765677,TR765677,Fabri Fibra,Freestyle Solido,fabri fibra,1
..\data\mp3_dataset\fedez_fibra\ART25707984 - TR770488.mp3,ART25707984 - TR770488.mp3,TR770488,770488,TR770488,Fabri Fibra,Equilibrio,fabri fibra,1
..\data\mp3_dataset\fedez_fibra\ART25707984 - TR772758.mp3,ART25707984 - TR772758.mp3,TR772758,772758,TR772758,Fabri Fibra,Rap in vena,fabri fibra,1
..\data\mp3_dataset\fedez_fibra\ART25707984 - TR775377.mp3,ART25707984 - TR775377.mp3,TR775377,775377,TR775377,Fabri Fibra,La Pula Bussò 2016,fabri fibra,1
..\data\mp3_dataset\fedez_fibra\ART25707984 - TR778894.mp3,ART25707984 - TR778894.mp3,TR778894,778894,TR778894,Fabri Fibra,Hip Hop,fabri fibra,1
..\data\mp3_dataset\fedez_fibra\ART25707984 - TR793808.mp3,ART25707984 - TR793808.mp3,TR793808,793808,TR793808,Fabri Fibra,In Quanti?,fabri fibra,1
..\data\mp3_dataset\fedez_fibra\ART25707984 - TR799409.mp3,ART25707984 - TR799409.mp3,TR799409,799409,TR799409,Fabri Fibra,Pamplona,fabri fibra,1
..\data\mp3_dataset\fedez_fibra\ART25707984 - TR800085.mp3,ART25707984 - TR800085.mp3,TR800085,800085,TR800085,Fabri Fibra,Collezione Megamix,fabri fibra,1
..\data\mp3_dataset\fedez_fibra\ART25707984 - TR801490.mp3,ART25707984 - TR801490.mp3,TR801490,801490,TR801490,Fabri Fibra,Noia,fabri fibra,1
..\data\mp3_dataset\fedez_fibra\ART25707984 - TR803061.mp3,ART25707984 - TR803061.mp3,TR803061,803061,TR803061,Fabri Fibra,Alla Fine Di Tutto Questo,fabri fibra,1
..\data\mp3_dataset\fedez_fibra\ART25707984 - TR811753.mp3,ART25707984 - TR811753.mp3,TR811753,811753,TR811753,Fabri Fibra,Rap In Guerra,fabri fibra,1
..\data\mp3_dataset\fedez_fibra\ART25707984 - TR813706.mp3,ART25707984 - TR813706.mp3,TR813706,813706,TR813706,Fabri Fibra,Nuovi Stili D’Insonnia,fabri fibra,1
..\data\mp3_dataset\fedez_fibra\ART25707984 - TR831827.mp3,ART25707984 - TR831827.mp3,TR831827,831827,TR831827,Fabri Fibra,Cento Modi Per Morire,fabri fibra,1
..\data\mp3_dataset\fedez_fibra\ART25707984 - TR835623.mp3,ART25707984 - TR835623.mp3,TR835623,835623,TR835623,Fabri Fibra,Quentin Tarantino,fabri fibra,1
..\data\mp3_dataset\fedez_fibra\ART25707984 - TR837586.mp3,ART25707984 - TR837586.mp3,TR837586,837586,TR837586,Fabri Fibra,Su Le Mani 2016,fabri fibra,1
..\data\mp3_dataset\fedez_fibra\ART25707984 - TR838304.mp3,ART25707984 - TR838304.mp3,TR838304,838304,TR838304,Fabri Fibra,CVDM,fabri fibra,1
..\data\mp3_dataset\fedez_fibra\ART25707984 - TR842852.mp3,ART25707984 - TR842852.mp3,TR842852,842852,TR842852,Fabri Fibra,Se Non Dai Il Meglio (Non Io),fabri fibra,1
..\data\mp3_dataset\fedez_fibra\ART25707984 - TR844036.mp3,ART25707984 - TR844036.mp3,TR844036,844036,TR844036,Fabri Fibra,Via Vai,fabri fibra,1
..\data\mp3_dataset\fedez_fibra\ART25707984 - TR844218.mp3,ART25707984 - TR844218.mp3,TR844218,844218,TR844218,Fabri Fibra,A Volte,fabri fibra,1
..\data\mp3_dataset\fedez_fibra\ART25707984 - TR845575.mp3,ART25707984 - TR845575.mp3,TR845575,845575,TR845575,Fabri Fibra,Tranne Te Megamix,fabri fibra,1
..\data\mp3_dataset\fedez_fibra\ART25707984 - TR848166.mp3,ART25707984 - TR848166.mp3,TR848166,848166,TR848166,Fabri Fibra,Coccole,fabri fibra,1
..\data\mp3_dataset\fedez_fibra\ART25707984 - TR855293.mp3,ART25707984 - TR855293.mp3,TR855293,855293,TR855293,Fabri Fibra,Scappa!,fabri fibra,1
..\data\mp3_dataset\fedez_fibra\ART25707984 - TR857398.mp3,ART25707984 - TR857398.mp3,TR857398,857398,TR857398,Fabri Fibra,Ma Che Persona,fabri fibra,1
..\data\mp3_dataset\fedez_fibra\ART25707984 - TR863568.mp3,ART25707984 - TR863568.mp3,TR863568,863568,TR863568,Fabri Fibra,Il Rap Nel Mio Paese,fabri fibra,1
..\data\mp3_dataset\fedez_fibra\ART25707984 - TR866344.mp3,ART25707984 - TR866344.mp3,TR866344,866344,TR866344,Fabri Fibra,L’italiano balla,fabri fibra,1
..\data\mp3_dataset\fedez_fibra\ART25707984 - TR866727.mp3,ART25707984 - TR866727.mp3,TR866727,866727,TR866727,Fabri Fibra,Tranne Te,fabri fibra,1
..\data\mp3_dataset\fedez_fibra\ART25707984 - TR868123.mp3,ART25707984 - TR868123.mp3,TR868123,868123,TR868123,Fabri Fibra,Grandi Viaggi,fabri fibra,1
..\data\mp3_dataset\fedez_fibra\ART25707984 - TR870721.mp3,ART25707984 - TR870721.mp3,TR870721,870721,TR870721,Fabri Fibra,Cattiverie,fabri fibra,1
..\data\mp3_dataset\fedez_fibra\ART25707984 - TR871111.mp3,ART25707984 - TR871111.mp3,TR871111,871111,TR871111,Fabri Fibra,Dalla A Alla Zeta,fabri fibra,1
..\data\mp3_dataset\fedez_fibra\ART25707984 - TR872232.mp3,ART25707984 - TR872232.mp3,TR872232,872232,TR872232,Fabri Fibra,Teoria E Pratica,fabri fibra,1
..\data\mp3_dataset\fedez_fibra\ART25707984 - TR873026.mp3,ART25707984 - TR873026.mp3,TR873026,873026,TR873026,Fabri Fibra,Commerciale,fabri fibra,1
..\data\mp3_dataset\fedez_fibra\ART25707984 - TR877490.mp3,ART25707984 - TR877490.mp3,TR877490,877490,TR877490,Fabri Fibra,Rock That Shit,fabri fibra,1
..\data\mp3_dataset\fedez_fibra\ART25707984 - TR877889.mp3,ART25707984 - TR877889.mp3,TR877889,877889,TR877889,Fabri Fibra,Quorum,fabri fibra,1
..\data\mp3_dataset\fedez_fibra\ART25707984 - TR878128.mp3,ART25707984 - TR878128.mp3,TR878128,878128,TR878128,Fabri Fibra,Potevi Essere Tu,fabri fibra,1
..\data\mp3_dataset\fedez_fibra\ART25707984 - TR884950.mp3,ART25707984 - TR884950.mp3,TR884950,884950,TR884950,Fabri Fibra,GoodFellas,fabri fibra,1
..\data\mp3_dataset\fedez_fibra\ART25707984 - TR887990.mp3,ART25707984 - TR887990.mp3,TR887990,887990,TR887990,Fabri Fibra,Rompiti Il Collo,fabri fibra,1
..\data\mp3_dataset\fedez_fibra\ART25707984 - TR888500.mp3,ART25707984 - TR888500.mp3,TR888500,888500,TR888500,Fabri Fibra,Non Ditelo,fabri fibra,1
..\data\mp3_dataset\fedez_fibra\ART25707984 - TR895378.mp3,ART25707984 - TR895378.mp3,TR895378,895378,TR895378,Fabri Fibra,Numero Uno,fabri fibra,1
..\data\mp3_dataset\fedez_fibra\ART25707984 - TR895644.mp3,ART25707984 - TR895644.mp3,TR895644,895644,TR895644,Fabri Fibra,Fai Come Noi,fabri fibra,1
..\data\mp3_dataset\fedez_fibra\ART25707984 - TR895785.mp3,ART25707984 - TR895785.mp3,TR895785,895785,TR895785,Fabri Fibra,Mi Stai Sul Cazzo,fabri fibra,1
..\data\mp3_dataset\fedez_fibra\ART25707984 - TR901455.mp3,ART25707984 - TR901455.mp3,TR901455,901455,TR901455,Fabri Fibra,Sulla Giostra,fabri fibra,1
..\data\mp3_dataset\fedez_fibra\ART25707984 - TR903036.mp3,ART25707984 - TR903036.mp3,TR903036,903036,TR903036,Fabri Fibra,Speak English,fabri fibra,1
..\data\mp3_dataset\fedez_fibra\ART25707984 - TR904041.mp3,ART25707984 - TR904041.mp3,TR904041,904041,TR904041,Fabri Fibra,Arrivano,fabri fibra,1
..\data\mp3_dataset\fedez_fibra\ART25707984 - TR904420.mp3,ART25707984 - TR904420.mp3,TR904420,904420,TR904420,Fabri Fibra,Double Trouble,fabri fibra,1
..\data\mp3_dataset\fedez_fibra\ART25707984 - TR910855.mp3,ART25707984 - TR910855.mp3,TR910855,910855,TR910855,Fabri Fibra,Il Più Pazzo,fabri fibra,1
..\data\mp3_dataset\fedez_fibra\ART25707984 - TR917955.mp3,ART25707984 - TR917955.mp3,TR917955,917955,TR917955,Fabri Fibra,Cosa Avevi Capito?,fabri fibra,1
..\data\mp3_dataset\fedez_fibra\ART25707984 - TR920592.mp3,ART25707984 - TR920592.mp3,TR920592,920592,TR920592,Fabri Fibra,Pensa Per Te,fabri fibra,1
..\data\mp3_dataset\fedez_fibra\ART25707984 - TR931663.mp3,ART25707984 - TR931663.mp3,TR931663,931663,TR931663,Fabri Fibra,Bisogna Scrivere,fabri fibra,1
..\data\mp3_dataset\fedez_fibra\ART25707984 - TR932768.mp3,ART25707984 - TR932768.mp3,TR932768,932768,TR932768,Fabri Fibra,+ -,fabri fibra,1
..\data\mp3_dataset\fedez_fibra\ART25707984 - TR933884.mp3,ART25707984 - TR933884.mp3,TR933884,933884,TR933884,Fabri Fibra,Fumo Erba,fabri fibra,1
..\data\mp3_dataset\fedez_fibra\ART25707984 - TR935336.mp3,ART25707984 - TR935336.mp3,TR935336,935336,TR935336,Fabri Fibra,Dove Fuggi?,fabri fibra,1
..\data\mp3_dataset\fedez_fibra\ART25707984 - TR935622.mp3,ART25707984 - TR935622.mp3,TR935622,935622,TR935622,Fabri Fibra,L’uomo nel mirino,fabri fibra,1
..\data\mp3_dataset\fedez_fibra\ART25707984 - TR940609.mp3,ART25707984 - TR940609.mp3,TR940609,940609,TR940609,Fabri Fibra,Sotto Shock,fabri fibra,1
..\data\mp3_dataset\fedez_fibra\ART25707984 - TR941156.mp3,ART25707984 - TR941156.mp3,TR941156,941156,TR941156,Fabri Fibra,Parole In Fumo,fabri fibra,1
..\data\mp3_dataset\fedez_fibra\ART25707984 - TR942520.mp3,ART25707984 - TR942520.mp3,TR942520,942520,TR942520,Fabri Fibra,Che Cazzata,fabri fibra,1
..\data\mp3_dataset\fedez_fibra\ART25707984 - TR943143.mp3,ART25707984 - TR943143.mp3,TR943143,943143,TR943143,Fabri Fibra,Nessuno,fabri fibra,1
..\data\mp3_dataset\fedez_fibra\ART25707984 - TR946363.mp3,ART25707984 - TR946363.mp3,TR946363,946363,TR946363,Fabri Fibra,Vado Via,fabri fibra,1
..\data\mp3_dataset\fedez_fibra\ART25707984 - TR955916.mp3,ART25707984 - TR955916.mp3,TR955916,955916,TR955916,Fabri Fibra,Il Mio Amico Arnold,fabri fibra,1
..\data\mp3_dataset\fedez_fibra\ART25707984 - TR957389.mp3,ART25707984 - TR957389.mp3,TR957389,957389,TR957389,Fabri Fibra,Donna Famosa,fabri fibra,1
..\data\mp3_dataset\fedez_fibra\ART25707984 - TR957680.mp3,ART25707984 - TR957680.mp3,TR957680,957680,TR957680,Fabri Fibra,Le Ragazze,fabri fibra,1
..\data\mp3_dataset\fedez_fibra\ART25707984 - TR958743.mp3,ART25707984 - TR958743.mp3,TR958743,958743,TR958743,Fabri Fibra,Nel Mio Disco,fabri fibra,1
..\data\mp3_dataset\fedez_fibra\ART25707984 - TR960740.mp3,ART25707984 - TR960740.mp3,TR960740,960740,TR960740,Fabri Fibra,Voglio farti un regalo,fabri fibra,1
..\data\mp3_dataset\fedez_fibra\ART25707984 - TR961564.mp3,ART25707984 - TR961564.mp3,TR961564,961564,TR961564,Fabri Fibra,Nel Bene O Nel Male,fabri fibra,1
..\data\mp3_dataset\fedez_fibra\ART25707984 - TR962108.mp3,ART25707984 - TR962108.mp3,TR962108,962108,TR962108,Fabri Fibra,El Diablo,fabri fibra,1
..\data\mp3_dataset\fedez_fibra\ART25707984 - TR975085.mp3,ART25707984 - TR975085.mp3,TR975085,975085,TR975085,Fabri Fibra,Tutti In Campana,fabri fibra,1
..\data\mp3_dataset\fedez_fibra\ART25707984 - TR975112.mp3,ART25707984 - TR975112.mp3,TR975112,975112,TR975112,Fabri Fibra,Rompiti Il Collo 2016,fabri fibra,1
..\data\mp3_dataset\fedez_fibra\ART25707984 - TR977799.mp3,ART25707984 - TR977799.mp3,TR977799,977799,TR977799,Fabri Fibra,Dieci Euro In Tasca,fabri fibra,1
..\data\mp3_dataset\fedez_fibra\ART25707984 - TR978195.mp3,ART25707984 - TR978195.mp3,TR978195,978195,TR978195,Fabri Fibra,Tutti Matti,fabri fibra,1
..\data\mp3_dataset\fedez_fibra\ART25707984 - TR981948.mp3,ART25707984 - TR981948.mp3,TR981948,981948,TR981948,Fabri Fibra,Che Casino,fabri fibra,1
..\data\mp3_dataset\fedez_fibra\ART25707984 - TR983233.mp3,ART25707984 - TR983233.mp3,TR983233,983233,TR983233,Fabri Fibra,Idee Stupide 2016,fabri fibra,1
..\data\mp3_dataset\fedez_fibra\ART25707984 - TR988738.mp3,ART25707984 - TR988738.mp3,TR988738,988738,TR988738,Fabri Fibra,Escort,fabri fibra,1
..\data\mp3_dataset\fedez_fibra\ART25707984 - TR990945.mp3,ART25707984 - TR990945.mp3,TR990945,990945,TR990945,Fabri Fibra,Qualcuno Normale,fabri fibra,1
..\data\mp3_dataset\fedez_fibra\ART25707984 - TR991289.mp3,ART25707984 - TR991289.mp3,TR991289,991289,TR991289,Fabri Fibra,Intro (Cielo),fabri fibra,1
..\data\mp3_dataset\fedez_fibra\ART25707984 - TR994546.mp3,ART25707984 - TR994546.mp3,TR994546,994546,TR994546,Fabri Fibra,Sono Un Soldato,fabri fibra,1
..\data\mp3_dataset\fedez_fibra\ART25707984 - TR997195.mp3,ART25707984 - TR997195.mp3,TR997195,997195,TR997195,Fabri Fibra,La Solitudine Dei Numeri Uno,fabri fibra,1
..\data\mp3_dataset\fedez_fibra\ART25707984 - TR998998.mp3,ART25707984 - TR998998.mp3,TR998998,998998,TR998998,Fabri Fibra,Come Mai,fabri fibra,1
